<?xml version="1.0" encoding="utf-8" ?>
<!--
Licensee: Gustavo(Universidad de La Frontera)
License Type: Academic
-->
<!DOCTYPE hibernate-mapping PUBLIC "-//Hibernate/Hibernate Mapping DTD 3.0//EN" "http://www.hibernate.org/dtd/hibernate-mapping-3.0.dtd">
<hibernate-mapping>
	<class name="Categoria" table="Categoria" lazy="false">
		<id name="id_categoria" column="id_categoria" type="integer" unsaved-value="0">
			<generator class="native">
			</generator>
		</id>
		<property name="nombre_categoria" column="nombre_categoria" type="string" length="255" not-null="false" lazy="false"/>
		<set name="ORM_Id_pelicula" table="Pelicula_Categoria" lazy="true" cascade="save-update,lock" inverse="true">
			<key column="id_categoria" not-null="true"/>
			<many-to-many column="id_pelicula" class="Pelicula">
			</many-to-many>
		</set>
	</class>
</hibernate-mapping>
