<?xml version="1.0" encoding="utf-8" ?>
<!--
Licensee: Gustavo(Universidad de La Frontera)
License Type: Academic
-->
<!DOCTYPE hibernate-mapping PUBLIC "-//Hibernate/Hibernate Mapping DTD 3.0//EN" "http://www.hibernate.org/dtd/hibernate-mapping-3.0.dtd">
<hibernate-mapping>
	<class name="Director" table="Director" lazy="false">
		<id name="id_director" column="id_director" type="integer" unsaved-value="0">
			<generator class="native">
			</generator>
		</id>
		<property name="nombre" column="nombre" type="string" length="255" not-null="false" lazy="false"/>
		<property name="nacionalidad" column="nacionalidad" type="string" length="255" not-null="false" lazy="false"/>
		<one-to-one name="pelicula" class="Pelicula" cascade="save-update,lock" property-ref="id_director" lazy="proxy" access="field"/>
	</class>
</hibernate-mapping>
