<?xml version="1.0" encoding="utf-8" ?>
<!--
Licensee: Gustavo(Universidad de La Frontera)
License Type: Academic
-->
<!DOCTYPE hibernate-mapping PUBLIC "-//Hibernate/Hibernate Mapping DTD 3.0//EN" "http://www.hibernate.org/dtd/hibernate-mapping-3.0.dtd">
<hibernate-mapping>
	<class name="Funcion" table="Funcion" lazy="false">
		<id name="id_funcion" column="id_funcion" type="integer" unsaved-value="0">
			<generator class="native">
			</generator>
		</id>
		<property name="hora" column="Hora" type="time" not-null="false" lazy="false"/>
		<many-to-one name="id_sala" column="id_sala" class="Sala" cascade="save-update,lock" unique="true" not-null="true" lazy="proxy" access="field">
		</many-to-one>
		<many-to-one name="id_pelicula" column="id_pelicula" class="Pelicula" cascade="save-update,lock" unique="true" not-null="true" lazy="proxy" access="field">
		</many-to-one>
	</class>
</hibernate-mapping>
