<?xml version="1.0" encoding="utf-8" ?>
<!--
Licensee: Gustavo(Universidad de La Frontera)
License Type: Academic
-->
<!DOCTYPE hibernate-mapping PUBLIC "-//Hibernate/Hibernate Mapping DTD 3.0//EN" "http://www.hibernate.org/dtd/hibernate-mapping-3.0.dtd">
<hibernate-mapping>
	<class name="Pelicula" table="Pelicula" lazy="false">
		<id name="id_pelicula" column="id_pelicula" type="integer" unsaved-value="0">
			<generator class="native">
			</generator>
		</id>
		<property name="titulo" column="titulo" type="string" length="255" not-null="false" lazy="false"/>
		<property name="año" column="año" type="integer" length="10" not-null="false" lazy="false"/>
		<property name="duracion" column="duracion" type="integer" length="10" not-null="false" lazy="false"/>
		<many-to-one name="id_director" column="id_director" class="Director" cascade="save-update,lock" unique="true" not-null="true" lazy="proxy" access="field">
		</many-to-one>
		<property name="imagen" column="imagen" type="string" length="11" not-null="false" lazy="false"/>
		<set name="ORM_Id_categoria" table="Pelicula_Categoria" lazy="true" cascade="save-update,lock">
			<key column="id_pelicula" not-null="true"/>
			<many-to-many column="id_categoria" class="Categoria">
			</many-to-many>
		</set>
		<one-to-one name="funcion" class="Funcion" cascade="save-update,lock" property-ref="id_pelicula" lazy="proxy" access="field"/>
	</class>
</hibernate-mapping>
