<?xml version="1.0" encoding="utf-8" ?>
<!--
Licensee: Gustavo(Universidad de La Frontera)
License Type: Academic
-->
<!DOCTYPE hibernate-mapping PUBLIC "-//Hibernate/Hibernate Mapping DTD 3.0//EN" "http://www.hibernate.org/dtd/hibernate-mapping-3.0.dtd">
<hibernate-mapping>
	<class name="Sala" table="Sala" lazy="false">
		<id name="id_sala" column="id_sala" type="integer" unsaved-value="0">
			<generator class="native">
			</generator>
		</id>
		<property name="codigo_sala" column="codigo_sala" unique="true" type="string" length="255" not-null="true" lazy="false"/>
		<one-to-one name="funcion" class="Funcion" cascade="save-update,lock" property-ref="id_sala" lazy="proxy" access="field"/>
	</class>
</hibernate-mapping>
