<?xml version="1.0" encoding="UTF-8"?>

<Model quotesql="1" tablecharset="" mysql_version="504" mssql_version="2005" derby_version="106" ingres_version="9">
  <Entity name="Pelicula" Unlogged="false" PKClustered="0">
    <Column name="titulo">
      <PrimaryKey>false</PrimaryKey>
      <ForeignKey>false</ForeignKey>
      <Type>27</Type>
      <Length>255</Length>
      <Nullable>true</Nullable>
      <IDGenerator>native</IDGenerator>
      <Unique>false</Unique>
      <Index>false</Index>
      <UserTypes/>
    </Column>
    <Column name="año">
      <PrimaryKey>false</PrimaryKey>
      <ForeignKey>false</ForeignKey>
      <Type>9</Type>
      <Length>10</Length>
      <Nullable>true</Nullable>
      <IDGenerator>native</IDGenerator>
      <Unique>false</Unique>
      <Index>false</Index>
      <UserTypes/>
    </Column>
    <Column name="id_pelicula">
      <PrimaryKey>true</PrimaryKey>
      <ForeignKey>false</ForeignKey>
      <Type>9</Type>
      <Length>10</Length>
      <Nullable>false</Nullable>
      <IDGenerator>native</IDGenerator>
      <Unique>true</Unique>
      <Index>false</Index>
      <UserTypes/>
    </Column>
    <Column name="duracion">
      <PrimaryKey>false</PrimaryKey>
      <ForeignKey>false</ForeignKey>
      <Type>9</Type>
      <Length>10</Length>
      <Nullable>true</Nullable>
      <IDGenerator>native</IDGenerator>
      <Unique>false</Unique>
      <Index>false</Index>
      <UserTypes/>
    </Column>
    <Column name="id_director">
      <PrimaryKey>false</PrimaryKey>
      <ForeignKey>true</ForeignKey>
      <ReferencedColumn>Director.id_director</ReferencedColumn>
      <Type>9</Type>
      <Length>10</Length>
      <Nullable>false</Nullable>
      <IDGenerator>native</IDGenerator>
      <Unique>false</Unique>
      <Index>false</Index>
      <UserTypes/>
    </Column>
    <Column name="imagen">
      <PrimaryKey>false</PrimaryKey>
      <ForeignKey>false</ForeignKey>
      <Type>27</Type>
      <Length>11</Length>
      <Nullable>true</Nullable>
      <IDGenerator>native</IDGenerator>
      <Unique>false</Unique>
      <Index>false</Index>
      <UserTypes/>
    </Column>
  </Entity>
  <Entity name="Director" Unlogged="false" PKClustered="0">
    <Column name="id_director">
      <PrimaryKey>true</PrimaryKey>
      <ForeignKey>false</ForeignKey>
      <Type>9</Type>
      <Length>10</Length>
      <Nullable>false</Nullable>
      <IDGenerator>native</IDGenerator>
      <Unique>true</Unique>
      <Index>false</Index>
      <UserTypes/>
    </Column>
    <Column name="nombre">
      <PrimaryKey>false</PrimaryKey>
      <ForeignKey>false</ForeignKey>
      <Type>27</Type>
      <Length>255</Length>
      <Nullable>true</Nullable>
      <IDGenerator>native</IDGenerator>
      <Unique>false</Unique>
      <Index>false</Index>
      <UserTypes/>
    </Column>
    <Column name="nacionalidad">
      <PrimaryKey>false</PrimaryKey>
      <ForeignKey>false</ForeignKey>
      <Type>27</Type>
      <Length>255</Length>
      <Nullable>true</Nullable>
      <IDGenerator>native</IDGenerator>
      <Unique>false</Unique>
      <Index>false</Index>
      <UserTypes/>
    </Column>
  </Entity>
  <Entity name="Sala" Unlogged="false" PKClustered="0">
    <Column name="id_sala">
      <PrimaryKey>true</PrimaryKey>
      <ForeignKey>false</ForeignKey>
      <Type>9</Type>
      <Length>10</Length>
      <Nullable>false</Nullable>
      <IDGenerator>native</IDGenerator>
      <Unique>true</Unique>
      <Index>false</Index>
      <UserTypes/>
    </Column>
    <Column name="codigo_sala">
      <PrimaryKey>false</PrimaryKey>
      <ForeignKey>false</ForeignKey>
      <Type>27</Type>
      <Length>255</Length>
      <Nullable>false</Nullable>
      <IDGenerator>native</IDGenerator>
      <Unique>true</Unique>
      <Index>false</Index>
      <UserTypes/>
    </Column>
  </Entity>
  <Entity name="Funcion" Unlogged="false" PKClustered="0">
    <Column name="Hora">
      <PrimaryKey>false</PrimaryKey>
      <ForeignKey>false</ForeignKey>
      <Type>19</Type>
      <Length>0</Length>
      <Nullable>true</Nullable>
      <IDGenerator>native</IDGenerator>
      <Unique>false</Unique>
      <Index>false</Index>
      <UserTypes/>
    </Column>
    <Column name="id_funcion">
      <PrimaryKey>true</PrimaryKey>
      <ForeignKey>false</ForeignKey>
      <Type>9</Type>
      <Length>10</Length>
      <Nullable>false</Nullable>
      <IDGenerator>native</IDGenerator>
      <Unique>true</Unique>
      <Index>false</Index>
      <UserTypes/>
    </Column>
    <Column name="id_sala">
      <PrimaryKey>false</PrimaryKey>
      <ForeignKey>true</ForeignKey>
      <ReferencedColumn>Sala.id_sala</ReferencedColumn>
      <Type>9</Type>
      <Length>10</Length>
      <Nullable>false</Nullable>
      <IDGenerator>native</IDGenerator>
      <Unique>false</Unique>
      <Index>false</Index>
      <UserTypes/>
    </Column>
    <Column name="id_pelicula">
      <PrimaryKey>false</PrimaryKey>
      <ForeignKey>true</ForeignKey>
      <ReferencedColumn>Pelicula.id_pelicula</ReferencedColumn>
      <Type>9</Type>
      <Length>10</Length>
      <Nullable>false</Nullable>
      <IDGenerator>native</IDGenerator>
      <Unique>false</Unique>
      <Index>false</Index>
      <UserTypes/>
    </Column>
  </Entity>
  <Entity name="Pelicula_Categoria" Unlogged="false" PKClustered="0">
    <Column name="id_pelicula">
      <PrimaryKey>true</PrimaryKey>
      <ForeignKey>true</ForeignKey>
      <ReferencedColumn>Pelicula.id_pelicula</ReferencedColumn>
      <Type>9</Type>
      <Length>10</Length>
      <Nullable>false</Nullable>
      <IDGenerator>assigned</IDGenerator>
      <Unique>false</Unique>
      <Index>false</Index>
      <UserTypes/>
    </Column>
    <Column name="id_categoria">
      <PrimaryKey>true</PrimaryKey>
      <ForeignKey>true</ForeignKey>
      <ReferencedColumn>Categoria.id_categoria</ReferencedColumn>
      <Type>9</Type>
      <Length>10</Length>
      <Nullable>false</Nullable>
      <IDGenerator>assigned</IDGenerator>
      <Unique>false</Unique>
      <Index>false</Index>
      <UserTypes/>
    </Column>
  </Entity>
  <Entity name="Categoria" Unlogged="false" PKClustered="0">
    <Column name="id_categoria">
      <PrimaryKey>true</PrimaryKey>
      <ForeignKey>false</ForeignKey>
      <Type>9</Type>
      <Length>10</Length>
      <Nullable>false</Nullable>
      <IDGenerator>native</IDGenerator>
      <Unique>true</Unique>
      <Index>false</Index>
      <UserTypes/>
    </Column>
    <Column name="nombre_categoria">
      <PrimaryKey>false</PrimaryKey>
      <ForeignKey>false</ForeignKey>
      <Type>27</Type>
      <Length>255</Length>
      <Nullable>true</Nullable>
      <IDGenerator>native</IDGenerator>
      <Unique>false</Unique>
      <Index>false</Index>
      <UserTypes/>
    </Column>
  </Entity>
  <ForeignKey name="FKPelicula600816">
    <ReferenceTable>Pelicula</ReferenceTable>
    <ReferencedTable>Director</ReferencedTable>
    <Columns>
      <Column>id_director</Column>
    </Columns>
    <RefColumns>
      <Column>id_director</Column>
    </RefColumns>
  </ForeignKey>
  <ForeignKey name="FKFuncion158589">
    <ReferenceTable>Funcion</ReferenceTable>
    <ReferencedTable>Sala</ReferencedTable>
    <Columns>
      <Column>id_sala</Column>
    </Columns>
    <RefColumns>
      <Column>id_sala</Column>
    </RefColumns>
  </ForeignKey>
  <ForeignKey name="FKFuncion434286">
    <ReferenceTable>Funcion</ReferenceTable>
    <ReferencedTable>Pelicula</ReferencedTable>
    <Columns>
      <Column>id_pelicula</Column>
    </Columns>
    <RefColumns>
      <Column>id_pelicula</Column>
    </RefColumns>
  </ForeignKey>
  <ForeignKey name="FKPelicula_C355138">
    <ReferenceTable>Pelicula_Categoria</ReferenceTable>
    <ReferencedTable>Pelicula</ReferencedTable>
    <Columns>
      <Column>id_pelicula</Column>
    </Columns>
    <RefColumns>
      <Column>id_pelicula</Column>
    </RefColumns>
  </ForeignKey>
  <ForeignKey name="FKPelicula_C466512">
    <ReferenceTable>Pelicula_Categoria</ReferenceTable>
    <ReferencedTable>Categoria</ReferencedTable>
    <Columns>
      <Column>id_categoria</Column>
    </Columns>
    <RefColumns>
      <Column>id_categoria</Column>
    </RefColumns>
  </ForeignKey>
</Model>
